image_name,red_pixels,green_pixels,total_leaf_pixels,severity
10.png,707255,4828289,5535544,0.12776612379921468
1317.png,56009,6604696,6660705,0.00840886963166812
202405101121.png,1226800,4572426,5799226,0.21154547175778285
2024051012.png,286670,4597950,4884620,0.058688291003189605
20240921_1.png,129691,6028209,6157900,0.02106091362315075
20240921_10.png,92812,7859370,7952182,0.011671262051094908
20240921_11.png,78986,5346438,5425424,0.014558493492858806
20240921_12.png,58036,2732084,2790120,0.02080053904491563
20240921_13.png,194373,6588203,6782576,0.02865769583709788
20240921_14.png,174257,6178389,6352646,0.027430617100338978
20240921_15.png,113896,4717766,4831662,0.02357284098101233
20240921_17.png,159409,5549398,5708807,0.0279233472072186
20240921_18.png,229781,7550728,7780509,0.029532900739527454
20240921_19.png,35247,5656912,5692159,0.006192202290905788
20240921_2.png,40732,5701008,5741740,0.007094016796302166
20240921_20.png,56289,2700022,2756311,0.020421860958360648
20240921_24.png,132995,4713654,4846649,0.027440608965080823
20240921_29.png,72372,7255350,7327722,0.009876466383413563
20240921_31.png,77209,3712955,3790164,0.020370886325763213
20240921_32.png,55140,3770238,3825378,0.014414261806284242
20240921_34.png,131410,4617314,4748724,0.027672696918161595
20240921_36.png,49577,6228870,6278447,0.00789637947091056
20240921_37.png,49805,2424423,2474228,0.020129511104069634
20240921_38.png,25173,6101620,6126793,0.004108674799360775
20240921_39.png,60517,3072800,3133317,0.01931403684976656
20240921_4.png,24660,4417288,4441948,0.005551618344023838
20240921_40.png,18856,4208498,4227354,0.004460473383586991
20240921_41.png,18768,4227206,4245974,0.004420187217349894
20240921_42.png,31484,4045771,4077255,0.00772186188992349
20240921_43.png,145547,6785315,6930862,0.020999841001018343
20240921_44.png,49440,2954104,3003544,0.01646055459816803
20240921_46.png,146871,6686236,6833107,0.021494028997350693
20240921_47.png,20084,4558598,4578682,0.004386415129943508
20240921_48.png,165338,4849556,5014894,0.03296939077874826
20240921_49.png,19941,5315473,5335414,0.003737479415842894
20240921_5.png,167661,4918681,5086342,0.0329629820409245
20240921_50.png,233030,6059674,6292704,0.03703177521141945
20240921_51.png,31682,5042309,5073991,0.00624400003862837
20240921_52.png,77754,5212618,5290372,0.014697265145059743
20240921_53.png,53168,4424206,4477374,0.011874817694478951
20240921_55.png,69650,6128461,6198111,0.011237294717697053
20240921_56.png,17014,4740457,4757471,0.0035762698290751536
20240921_59.png,81460,4627316,4708776,0.017299612468293247
20240921_60.png,31105,4766782,4797887,0.006483062231353093
20240921_61.png,35211,5702982,5738193,0.0061362523010292614
20240921_62.png,38907,7270502,7309409,0.005322865364354354
20240921_63.png,153547,5411151,5564698,0.02759305177028475
20240921_65.png,44531,6741851,6786382,0.0065618174750551915
20240921_67.png,150919,4688312,4839231,0.031186566625978383
20240921_7.png,24878,4454562,4479440,0.005553819227403426
20240921_70.png,112447,2364983,2477430,0.04538856799183024
20240921_71.png,209702,6393591,6603293,0.0317571853921975
20240921_72.png,61058,4807981,4869039,0.012540051537890742
20240921_73.png,30584,4287057,4317641,0.007083497678477668
20240921_74.png,187677,4578343,4766020,0.03937813941192022
20240921_75.png,59913,2827052,2886965,0.020752936041829394
20240921_76.png,766,5065605,5066371,0.00015119303343556957
20240921_77.png,44078,4576440,4620518,0.009539623046593478
20240921_78.png,84434,5635624,5720058,0.01476103913631645
20240921_79.png,58571,6595191,6653762,0.00880268936580539
20240921_8.png,66681,5055770,5122451,0.013017401240148515
20240921_9.png,48584,2477400,2525984,0.01923369269164017
35.png,75352,6493296,6568648,0.011471462620618428
39.png,99048,8934506,9033554,0.010964455407030279
41.png,19294,4271751,4291045,0.004496340634973532
42.png,32671,7990316,8022987,0.004072174116697434
49.png,160474,7139011,7299485,0.021984290672561146
53.png,35717,5369959,5405676,0.006607314237849253
54.png,84086,9510914,9595000,0.00876352266805628
59.png,39634,6921350,6960984,0.005693735253521628
6.png,284111,5327436,5611547,0.05062971048803476
62.png,33938,5713936,5747874,0.005904443973545697
66.png,179643,5313319,5492962,0.03270421313673752
67.png,191482,6579461,6770943,0.02827996041319503
7.png,199923,6452652,6652575,0.030051972356568698
71.png,215523,5663695,5879218,0.03665844675261234
76.png,169949,6946933,7116882,0.023879699003018458
82.png,217657,5746746,5964403,0.036492671605188313
87.png,261762,7803747,8065509,0.03245449233272196
89.png,251626,8197833,8449459,0.02978013148534125
9.png,2652037,6011644,8663681,0.3061097240306978
duan10.png,49947,6085637,6135584,0.008140545382477039
duan101.png,197324,7122229,7319553,0.02695847683594886
duan103.png,50305,6481048,6531353,0.007702079492564557
duan104.png,290048,6969169,7259217,0.03995582443671267
duan105.png,549171,7657698,8206869,0.06691601876428148
duan106.png,41258,5251946,5293204,0.007794522939225467
duan107.png,92621,3420149,3512770,0.02636694118886235
duan108.png,182967,5334285,5517252,0.033162704911793045
duan109.png,178337,5286923,5465260,0.03263101846938663
duan11.png,80334,7291692,7372026,0.010897140080623698
duan111.png,283415,4933567,5216982,0.054325470166467896
duan112.png,232032,4652781,4884813,0.04750069245230063
duan114.png,112853,2787470,2900323,0.03891049376224648
duan115.png,942543,7057553,8000096,0.11781646120246557
duan116.png,1020672,6807552,7828224,0.13038359658589227
duan117.png,840737,5775467,6616204,0.1270724119147475
duan118.png,1135840,6573621,7709461,0.1473306629348018
duan119.png,279653,3692504,3972157,0.07040330983896155
duan12.png,76844,9449602,9526446,0.008066386982091748
duan120.png,447760,6764087,7211847,0.06208673034799546
duan121.png,234795,4438886,4673681,0.05023770342905303
duan124.png,322229,5320725,5642954,0.05710289327185726
duan125.png,265219,5726721,5991940,0.044262626127764965
duan126.png,121846,6341856,6463702,0.018850807169018623
duan129.png,64772,6683963,6748735,0.009597650522653505
duan13.png,44956,4648396,4693352,0.009578655084894548
duan130.png,120469,4257533,4378002,0.027516890124764676
duan131.png,157441,6173855,6331296,0.024867104618075037
duan132.png,844631,6647645,7492276,0.11273356720975042
duan133.png,1032555,4681452,5714007,0.1807059389321714
duan134.png,692536,5012135,5704671,0.1213980613430643
duan136.png,215360,5080823,5296183,0.04066324747464353
duan137.png,84082,5258348,5342430,0.015738530968117503
duan138.png,200551,4382339,4582890,0.04376081468243837
duan139.png,412821,8250451,8663272,0.04765185717359446
duan140.png,310941,6121011,6431952,0.048343177934163685
duan141.png,202423,4775614,4978037,0.04066321724808394
duan142.png,302842,5648183,5951025,0.050889048525254055
duan143.png,184637,4954150,5138787,0.035930074548721325
duan144.png,134535,3993141,4127676,0.03259340122625904
duan145.png,465844,6038492,6504336,0.07162053128866651
duan146.png,417244,4996636,5413880,0.07706931073463025
duan147.png,422452,4526181,4948633,0.08536741358674203
duan148.png,181994,5615343,5797337,0.03139268943654647
duan149.png,351505,6324741,6676246,0.052650097075512194
duan150.png,73684,6854698,6928382,0.010635094889398419
duan151.png,831163,4921990,5753153,0.14447086667084988
duan152.png,612644,6000478,6613122,0.09264066200502577
duan153.png,181318,3781391,3962709,0.04575607242419264
duan154.png,291498,6224888,6516386,0.04473307750645834
duan155.png,293696,3803297,4096993,0.07168574610696186
duan156.png,201508,3046265,3247773,0.06204497666554898
duan157.png,93595,5297253,5390848,0.017361832498337924
duan158.png,77856,8550587,8628443,0.00902318065959293
duan159.png,676014,5161777,5837791,0.11579962352197946
duan16.png,21346,6863646,6884992,0.0031003667106657496
duan17.png,49477,5582461,5631938,0.008785075403884063
duan18.png,82429,7558194,7640623,0.010788256402651982
duan19.png,52221,5221827,5274048,0.009901502602934216
duan21.png,114668,8319085,8433753,0.013596319455881623
duan22.png,122168,9221037,9343205,0.013075598790778967
duan23.png,276583,9149010,9425593,0.029343830144161753
duan24.png,872964,7273422,8146386,0.10715966564805547
duan25.png,79783,8366800,8446583,0.009445594745236032
duan26.png,46263,7937395,7983658,0.0057947121482408185
duan27.png,79533,8368920,8448453,0.009413912819305498
duan29.png,0,5730462,5730462,0.0
duan3.png,29693,3147972,3177665,0.009344282672968988
duan30.png,202724,7096939,7299663,0.027771693021992932
duan31.png,59286,8866735,8926021,0.006641929253807492
duan32.png,99528,7424209,7523737,0.013228532576298187
duan33.png,186028,9296479,9482507,0.01961801873702809
duan34.png,47086,4198618,4245704,0.01109026912851202
duan35.png,208385,6511779,6720164,0.031008915853839282
duan36.png,74931,6275407,6350338,0.011799529410875453
duan37.png,81586,5159188,5240774,0.015567547846940165
duan38.png,935506,6144342,7079848,0.132136452647006
duan39.png,755018,6071675,6826693,0.11059791322094022
duan4.png,142449,8566731,8709180,0.01635618967572148
duan40.png,239009,3935714,4174723,0.05725146315096834
duan42.png,986819,9990235,10977054,0.08989834613184922
duan43.png,201674,6486267,6687941,0.030154871282506827
duan44.png,317591,9227149,9544740,0.03327392888648617
duan45.png,348186,7339277,7687463,0.045292705799039296
duan46.png,363695,8492185,8855880,0.041068194239307666
duan47.png,173800,3163536,3337336,0.05207746537957221
duan48.png,55258,6546529,6601787,0.008370157958746623
duan49.png,295999,7093304,7389303,0.040057769995356804
duan5.png,389871,7313797,7703668,0.05060848935857568
duan50.png,54628,5090561,5145189,0.010617297051672931
duan51.png,141212,7566023,7707235,0.018322005232745596
duan52.png,80459,7334545,7415004,0.010850837032589598
duan53.png,700505,7738298,8438803,0.08300999561193691
duan55.png,579058,4578236,5157294,0.11227942405455264
duan57.png,742428,6265033,7007461,0.10594821719307464
duan58.png,257552,7669771,7927323,0.03248915176031051
duan59.png,137489,5978512,6116001,0.022480212151698473
duan6.png,26839,6302360,6329199,0.004240504999131802
duan60.png,132107,7505752,7637859,0.01729633919662565
duan61.png,548631,6238939,6787570,0.08082877966636072
duan62.png,1720442,8703240,10423682,0.16505127458800067
duan63.png,534557,5927546,6462103,0.08272183219611325
duan64.png,650352,4921040,5571392,0.11673061238555822
duan65.png,459218,4193921,4653139,0.09868993812563949
duan66.png,613710,6135030,6748740,0.0909369749019817
duan67.png,1410435,6540514,7950949,0.1773920320706371
duan68.png,866085,9142642,10008727,0.08653298266602735
duan69.png,499366,6781007,7280373,0.06859071643719353
duan70.png,86174,10220652,10306826,0.00836086686628842
duan71.png,42023,5390134,5432157,0.007735969339619602
duan72.png,81050,4630557,4711607,0.01720219874025996
duan73.png,60477,4283887,4344364,0.013920794850523575
duan74.png,32200,3053489,3085689,0.01043527069643117
duan75.png,183690,6240726,6424416,0.028592482180481462
duan76.png,59321,10023178,10082499,0.005883561208386929
duan77.png,111265,6093352,6204617,0.017932613729421173
duan78.png,592074,6131040,6723114,0.08806544110363144
duan79.png,614545,5517455,6132000,0.10021934116112198
duan8.png,104123,6609916,6714039,0.015508250696786241
duan80.png,525095,4823326,5348421,0.09817757427846462
duan81.png,194111,5505135,5699246,0.03405906676076099
duan83.png,209080,3629509,3838589,0.0544679307943622
duan85.png,203745,4930305,5134050,0.0396850439711339
duan86.png,218649,4861750,5080399,0.043037761404173175
duan87.png,461802,6879580,7341382,0.06290396004458017
duan89.png,260826,6213748,6474574,0.0402846581103251
duan9.png,137303,6706570,6843873,0.020062178243225728
duan90.png,110640,8400846,8511486,0.012998905244043167
duan91.png,94987,6804990,6899977,0.013766277771650542
duan93.png,103546,6444157,6547703,0.015814095416362042
duan94.png,266107,3511037,3777144,0.07045190757884794
duan95.png,282489,3325956,3608445,0.07828552187992335
duan96.png,1102427,4935771,6038198,0.18257549686181207
duan99.png,153104,6226018,6379122,0.024000795093744875
IMG_20240516_120312.png,203598,7079169,7282767,0.02795613260729061
IMG_20240516_122540_1.png,61872,4003551,4065423,0.0152190805237241
IMG_20240522_101941.png,296350,3243367,3539717,0.08372138224609481
IMG_20240531_095519.png,670301,4597700,5268001,0.12724010492784643
IMG_20240531_095747.png,785690,9183273,9968963,0.078813613813192
IMG_20240531_100323_1.png,344423,6093198,6437621,0.05350159631950996
IMG_20240531_100357.png,432925,4959968,5392893,0.08027694968173854
IMG_20240531_100540.png,44571,5760367,5804938,0.007678118181451723
IMG_20240531_100710_1.png,832468,4813178,5645646,0.14745309925560335
IMG_20240602_071943_2.png,73325,6617479,6690804,0.010959071585417837
IMG_20240603_111140.png,51884,5996358,6048242,0.008578360455815094
IMG_20240603_111345_1.png,270585,2729980,3000565,0.09017801647356415
IMG_20240604_121616.png,558882,4077982,4636864,0.1205301686657189
IMG_20240612_131132.png,241390,3778880,4020270,0.06004323092727603
IMG_20240613_084255.png,855560,4920592,5776152,0.14811937081988147
IMG_20240613_084259_1.png,999994,6102771,7102765,0.14078939680532862
IMG_20240613_084424_1.png,2442098,5142306,7584404,0.32198944043592614
IMG_20240613_084425.png,2346731,5620954,7967685,0.29453109654811904
IMG_20240613_084440.png,1563529,3047587,4611116,0.3390782188086355
IMG_20240613_084442.png,1551998,3397083,4949081,0.3135931701259284
IMG_20240613_084445.png,2288801,5646445,7935246,0.28843478828507646
IMG_20240613_084446.png,1572419,3461756,5034175,0.31234889530062027
IMG_20240613_084501.png,538701,7338665,7877366,0.0683859300177242
IMG_20240613_084504_1.png,326018,4809926,5135944,0.06347771704675907
IMG_20240613_085649.png,1283153,4550757,5833910,0.21994734234844213
IMG_20240615_141742.png,906296,3956422,4862718,0.18637642569443674
IMG_20240615_141807.png,166020,3515627,3681647,0.0450939484420967
IMG_20240616_105252_1.png,1118121,4055955,5174076,0.21610061390671495
IMG_20240616_105523.png,2337583,4723717,7061300,0.3310414512908388
IMG_20240616_105610.png,391351,4528746,4920097,0.07954131798621043
IMG_20240616_105610_1.png,322805,4067726,4390531,0.07352299755997622
IMG_20240616_105639.png,187725,8317109,8504834,0.022072741219875663
IMG_20240616_105642_1.png,313430,9331002,9644432,0.03249854423775293
IMG_20240616_105645.png,182053,7194564,7376617,0.02467974140449477
IMG_20240616_105653.png,134629,5030187,5164816,0.026066562681032586
IMG_20240616_105654.png,83724,5124006,5207730,0.016076870344660727
IMG_20240616_105654_1.png,80454,5029968,5110422,0.015743122583614426
IMG_20240616_105655_1.png,144301,5867432,6011733,0.02400322835362116
IMG_20240616_105659.png,122308,4341376,4463684,0.027400685173950487
IMG_20240619_110044.png,1902800,2887478,4790278,0.39722120511586173
IMG_20240619_110314.png,1281159,4689137,5970296,0.21458885790587268
IMG_20240619_110340.png,105664,5113890,5219554,0.02024387524298053
IMG_20240619_113142.png,722433,5149720,5872153,0.12302693747931977
IMG_20240619_113142_1.png,663190,4879691,5542881,0.11964716543616939
IMG_20240619_113143.png,713197,5165755,5878952,0.121313628687562
IMG_20240619_113150.png,1602942,4147642,5750584,0.27874421102274133
IMG_20240619_113151.png,1479143,4301045,5780188,0.2558987700746066
IMG_20240619_113151_1.png,1482523,4417998,5900521,0.25125289783732657
IMG_20240619_113152.png,1533980,4106624,5640604,0.2719531454432894
IMG_20240619_113520_1.png,1025342,2525985,3551327,0.28872080774313374
IMG_20240619_113529.png,676395,3695983,4372378,0.1546972837206664
IMG_20240619_113529_1.png,558274,3794504,4352778,0.1282569430372971
IMG_20240619_113530.png,584169,3803055,4387224,0.13315230770072373
IMG_20240619_113531.png,601812,3912836,4514648,0.13330208689581113
IMG_20240619_113533_1.png,360342,3960561,4320903,0.08339506811423446
IMG_20240619_113534_1.png,391105,3735248,4126353,0.09478224475705302
IMG_20240619_113535_1.png,312179,4335968,4648147,0.06716203252607975
IMG_20240619_113616.png,2057508,2332823,4390331,0.4686453025979135
IMG_20240621_093913.png,1086796,3257643,4344439,0.25015796055601197
IMG_20240621_115324_1.png,280380,6282527,6562907,0.042721921855665486
IMG_20240622_110350.png,951663,4368209,5319872,0.17888832663643034
IMG_20240622_110351.png,894072,4647387,5541459,0.16134234684403512
IMG_20240622_110358.png,1740929,6023631,7764560,0.22421476555014064
IMG_20240622_110359.png,1758826,6093202,7852028,0.2239963994015304
IMG_20240622_110400.png,1599871,5956339,7556210,0.21172929285978023
IMG_20240622_110428.png,2028502,7116186,9144688,0.22182298619701404
IMG_20240622_110431.png,1922893,6404808,8327701,0.23090322287027357
IMG_20240622_110454.png,102657,6497626,6600283,0.015553423997122548
IMG_20240622_110455.png,108603,6657911,6766514,0.016050066548299463
IMG_20240622_110455_1.png,88137,6679371,6767508,0.013023553130635383
IMG_20240622_110501.png,239138,6342125,6581263,0.036336186534408364
IMG_20240622_110502.png,219065,5980667,6199732,0.03533459188235879
IMG_20240622_110503.png,216646,6152616,6369262,0.03401430181393072
IMG_20240622_110506.png,188911,7307604,7496515,0.02519984286031576
IMG_20240622_110527.png,162422,6978586,7141008,0.022744968217372114
IMG_20240622_110528.png,301924,7423290,7725214,0.039082930259278253
IMG_20240622_110819.png,687426,5059436,5746862,0.11961762784629246
IMG_20240622_110820.png,785038,5219979,6005017,0.13073035430207774
IMG_20240622_110821.png,769208,4929430,5698638,0.13498102529060452
IMG_20240622_110833.png,1686423,5062423,6748846,0.24988316521076345
IMG_20240622_110834.png,1614408,4819102,6433510,0.2509373576787788
IMG_20240622_110839.png,1338734,4403454,5742188,0.23314005044766908
IMG_20240622_110843_1.png,1918836,7345358,9264194,0.20712390090276606
IMG_20240622_110846_1.png,2070604,5295796,7366400,0.28108764118158125
IMG_20240622_111032.png,656459,5150743,5807202,0.11304221895501483
IMG_20240622_111038_1.png,566395,4076808,4643203,0.12198368238476759
IMG_20240622_111042_1.png,920813,6830643,7751456,0.11879226302774601
IMG_20240622_111058.png,519691,6965862,7485553,0.0694258660649387
IMG_20240622_111104.png,874086,6252493,7126579,0.12265155553597315
IMG_20240622_111141.png,1150987,3554704,4705691,0.24459468333131096
IMG_20240622_111141_1.png,1109636,3449468,4559104,0.24338905188387894
IMG_20240622_111253_1.png,799819,4864637,5664456,0.14119961387289443
IMG_20240622_111306.png,1344469,4483704,5828173,0.23068447007321163
IMG_20240622_111423.png,599484,6975325,7574809,0.07914179750274891
IMG_20240622_111424.png,520949,6372144,6893093,0.07557550725051874
IMG_20240625_143917_1.png,810570,5277968,6088538,0.1331304822274247
IMG_20240625_143935.png,1052081,5521080,6573161,0.1600570866893417
IMG_20240625_144203.png,2081523,3982561,6064084,0.34325431507874893
IMG_20240625_144213.png,2789858,4419852,7209710,0.3869584213512055
IMG_20240625_144214.png,2885267,4958883,7844150,0.36782404721990275
IMG_20240625_144255.png,1798643,5071703,6870346,0.26179802298166643
IMG_20240625_144715.png,610007,4202944,4812951,0.1267428236855102
IMG_20240625_145208.png,439581,5359911,5799492,0.07579646631118725
IMG_20240625_145209.png,439725,5317245,5756970,0.07638132559315057
IMG_20240625_145209_1.png,438521,5535799,5974320,0.07340098956868732
IMG_20240625_145236.png,462424,5490492,5952916,0.07768024947773494
IMG_20240625_145236_1.png,420610,5642269,6062879,0.06937463208485606
IMG_20240625_145237.png,455769,5576809,6032578,0.07555128172399926
IMG_20240627_120037.png,257035,4215259,4472294,0.05747274217661003
IMG_20240628_090633.png,1574535,5173851,6748386,0.23332023390481813
IMG_20240628_090633_1.png,1638348,5854958,7493306,0.21864154486684514
IMG_20240628_090637_2.png,1166829,3201435,4368264,0.26711503700325806
IMG_20240628_090645.png,2114011,3971258,6085269,0.34739811830832784
IMG_20240628_090645_1.png,1851701,3739879,5591580,0.33115881378787393
IMG_20240628_090646.png,1883327,3600566,5483893,0.34342883787119843
IMG_20240628_090646_1.png,1808271,3649154,5457425,0.3313414293370958
IMG_20240628_090647.png,1619909,3809405,5429314,0.29836347649076844
IMG_20240628_090647_1.png,1612266,4105666,5717932,0.2819666270952505
IMG_20240628_090647_2.png,1840241,4099897,5940138,0.3097976848349314
IMG_20240628_090648.png,1658883,2880207,4539090,0.3654659854728591
IMG_20240628_090649_2.png,1441858,3280181,4722039,0.30534648273764786
IMG_20240628_090650.png,1075432,2645793,3721225,0.28899945582435893
IMG_20240628_090655.png,1750610,3279420,5030030,0.34803172148078637
IMG_20240628_090656_1.png,1305152,3114498,4419650,0.2953066419286595
IMG_20240628_090658.png,1107503,2433749,3541252,0.31274334613859733
IMG_20240628_090659.png,1219334,2972448,4191782,0.2908867875285499
IMG_20240628_110724.png,668755,3864810,4533565,0.1475119469997673
IMG_20240628_110725_1.png,427899,2669804,3097703,0.13813428853573115
IMG_20240628_110727_1.png,544659,3450721,3995380,0.1363222021434757
IMG_20240628_110728_1.png,721705,4305264,5026969,0.14356663030943695
IMG_20240628_110732.png,803381,4361033,5164414,0.155560921335896
IMG_20240628_110753.png,1456064,3228154,4684218,0.3108446276411559
IMG_20240628_110801.png,1856160,3239152,5095312,0.36428780023676666
IMG_20240628_110803.png,1111279,2299020,3410299,0.32585969734618575
IMG_20240630_114057.png,958678,3967926,4926604,0.1945920557040915
IMG_20240630_114204_3.png,213990,7033833,7247823,0.02952472763200757
IMG_20240701_103447.png,642175,4205304,4847479,0.1324760767400952
IMG_20240701_103448.png,536950,3871017,4407967,0.12181352537348851
IMG_20240701_103449.png,668194,4037496,4705690,0.14199702912856563
IMG_20240701_103452.png,822409,4146201,4968610,0.16552094046423446
IMG_20240701_103528.png,1248124,6327178,7575302,0.16476227614423822
IMG_20240701_103722_1.png,684705,2848205,3532910,0.1938076543132998
IMG_20240701_103725.png,1240829,3736923,4977752,0.2492749739239721
IMG_20240701_103725_1.png,1160390,3473215,4633605,0.25042920145329606
IMG_20240701_103727.png,929538,3277069,4206607,0.22097096305882627
IMG_20240701_103727_1.png,1020899,3407369,4428268,0.23054137644785727
IMG_20240701_103728.png,940473,3294975,4235448,0.22204805725391977
IMG_20240701_103728_1.png,814509,2643200,3457709,0.23556320095184413
IMG_20240701_103758_1.png,356551,2554652,2911203,0.12247548522037109
IMG_20240701_103759.png,424932,3039263,3464195,0.12266399553142938
IMG_20240701_103804.png,1081132,3693320,4774452,0.22644106590662133
IMG_20240701_103804_1.png,1038284,3526427,4564711,0.22745886869946422
IMG_20240701_103805.png,1098893,3598316,4697209,0.23394594534754576
IMG_20240701_103806.png,1144408,3624660,4769068,0.23996470589222044
IMG_20240701_103816.png,2114981,4787145,6902126,0.3064245712118266
IMG_20240701_103817.png,940474,4284155,5224629,0.1800078053389054
IMG_20240701_103818_1.png,1921455,4984524,6905979,0.2782306462269868
IMG_20240701_103819.png,647486,3151579,3799065,0.17043298811681296
IMG_20240701_103836.png,484896,1974152,2459048,0.1971885054704097
IMG_20240701_103837.png,449238,1975515,2424753,0.18527165447367216
IMG_20240701_104003.png,2091904,2427076,4518980,0.462915082607137
IMG_20240701_104101.png,3519512,836654,4356166,0.8079379895072869
IMG_20240701_104122.png,3908366,454783,4363149,0.8957672543385523
IMG_20240701_104123.png,3715456,311598,4027054,0.9226238337007648
IMG_20240701_104148.png,967530,4359797,5327327,0.18161640912975682
IMG_20240701_104148_1.png,957279,4293436,5250715,0.1823140277086073
IMG_20240701_104149.png,863160,4361345,5224505,0.16521373795220792
IMG_20240701_104150.png,901385,4258022,5159407,0.17470709327641723
IMG_20240701_104210.png,1851709,3257465,5109174,0.36242825161170866
IMG_20240701_104211.png,1921163,3114109,5035272,0.38154105676912786
IMG_20240701_104211_1.png,1958585,3138319,5096904,0.3842695487299741
IMG_20240701_104217.png,2732465,4894964,7627429,0.35824194495943523
IMG_20240701_104221.png,2817572,4743937,7561509,0.37262033279336176
IMG_20240701_104223_1.png,2465970,4286838,6752808,0.36517697526717774
IMG_20240701_104224.png,2255515,3942191,6197706,0.3639273950716604
IMG_20240701_104225.png,2567494,3886213,6453707,0.3978324395576062
IMG_20240701_104226.png,2209165,3804901,6014066,0.36733301563368276
IMG_20240701_104227.png,2244247,3647925,5892172,0.3808861995203127
IMG_20240701_104230.png,2404123,4182419,6586542,0.3650053396759635
IMG_20240701_104259.png,2405505,3205129,5610634,0.42874031704794857
IMG_20240701_104323.png,2268203,3288475,5556678,0.40819406847040623
IMG_20240701_104652.png,419826,5012534,5432360,0.0772824334175202
IMG_20240701_104653.png,450818,5041744,5492562,0.08207790826940142
IMG_20240701_104853.png,162634,6584834,6747468,0.02410296721673967
IMG_20240701_104853_1.png,143048,6830971,6974019,0.02051155868660524
IMG_20240701_104854.png,147589,6549577,6697166,0.022037530501707737
IMG_20240701_104855.png,194254,6273534,6467788,0.030034070380785517
IMG_20240701_105121.png,1327970,3231146,4559116,0.2912779582708578
IMG_20240701_105142.png,2060653,4372326,6432979,0.3203263993244809
IMG_20240701_105143.png,2256120,4187385,6443505,0.3501386279672321
IMG_20240704_102403.png,833113,5191313,6024426,0.13828919136860507
IMG_20240706_115837.png,735688,2825427,3561115,0.20658922837369756
IMG_20240710_101722_1.png,754923,4739198,5494121,0.13740560136917263
IMG_20240710_102131.png,1369054,3723843,5092897,0.26881635344284405
IMG_20240710_102153.png,1299728,3942089,5241817,0.24795371528613075
IMG_20240807_113512.png,436941,2717392,3154333,0.13852088539795893
IMG_20240807_113513_1.png,423240,2331279,2754519,0.15365296082546534
IMG_20240807_113543.png,116150,3464095,3580245,0.03244191389136777
IMG_20240807_113545.png,117809,3330977,3448786,0.03415955643522097
IMG_20240807_113549.png,109827,1982398,2092225,0.05249292021651591
IMG_20240807_113700.png,1100736,1718654,2819390,0.3904163666608734
IMG_20240807_113720.png,1314951,2128412,3443363,0.38187986570106025
IMG_20240807_113723.png,924560,1726650,2651210,0.3487313339946666
IMG_20240807_113745.png,613265,5266194,5879459,0.10430636560268555
IMG_20240807_113746.png,630639,5843217,6473856,0.09741319547422742
IMG_20240807_113748.png,502903,4685113,5188016,0.0969355144625614
IMG_20240807_113749.png,558864,4444065,5002929,0.11170736182744148
IMG_20240807_113749_1.png,359058,3055580,3414638,0.10515258132780107
IMG_20240807_113751.png,430609,3107992,3538601,0.12168905169020186
IMG_20240807_113753.png,273111,2355274,2628385,0.10390829349581587
IMG_20240807_113804.png,401394,2996028,3397422,0.11814664177720637
IMG_20240807_113807.png,407524,3255372,3662896,0.11125732207521044
IMG_20240807_113808.png,287412,3506082,3793494,0.07576445356180872
IMG_20240807_113818.png,459850,2708454,3168304,0.14514074407001348
IMG_20240807_113822.png,472542,2383596,2856138,0.1654478880222174
IMG_20240807_113822_1.png,425147,2266462,2691609,0.15795273384804406
IMG_20240807_113823.png,423425,2231402,2654827,0.15949250177130186
IMG_20240807_113825.png,421122,2348663,2769785,0.15204140393568455
IMG_20240807_113837.png,254867,3123584,3378451,0.07543901036303324
IMG_20240807_113847.png,345620,3438868,3784488,0.09132543160395805
IMG_20240807_113849.png,329719,3200086,3529805,0.09340997590518456
IMG_20240807_113850.png,432604,3486458,3919062,0.11038457671759212
IMG_20240807_113851.png,463810,3740686,4204496,0.11031286508537527
IMG_20240807_113852.png,463885,3575130,4039015,0.11485102184567277
IMG_20240807_113852_1.png,556202,3314683,3870885,0.14368858801023537
IMG_20240807_113858.png,290664,2446975,2737639,0.1061732390574506
IMG_20240807_113901.png,257466,2556645,2814111,0.09149106058716235
IMG_20240807_113905.png,320853,2874341,3195194,0.10041737684785337
IMG_20240807_113906.png,372680,3659155,4031835,0.09243433821076508
IMG_20240807_113907_1.png,449088,3805532,4254620,0.105553022361574
IMG_20240807_113909.png,358590,3227948,3586538,0.09998221125776445
IMG_20240807_113910.png,253633,2835320,3088953,0.08210969865841274
IMG_20240807_113920.png,252527,2212943,2465470,0.10242550102008947
IMG_20240807_113954_1.png,144316,1371880,1516196,0.09518294468525178
IMG_20240807_114005.png,264306,2390606,2654912,0.09955358219029482
IMG_20240807_114030.png,422855,4269612,4692467,0.09011357991436061
IMG_20240807_114033.png,574791,3234037,3808828,0.150910201248258
IMG_20240807_114033_1.png,560627,3406473,3967100,0.14131909959416197
IMG_20240807_114037.png,316711,2186045,2502756,0.1265448969056512
IMG_20240807_114044.png,544187,3612685,4156872,0.1309126189115277
IMG_20240807_114044_1.png,606051,3829487,4435538,0.13663528527993674
IMG_20240807_114045.png,634002,4059175,4693177,0.13509015321604106
IMG_20240807_114045_1.png,644354,4175651,4820005,0.1336832638140417
IMG_20240807_114046_1.png,469363,2910387,3379750,0.13887506472372216
IMG_20240807_114047.png,452644,2662342,3114986,0.14531172852783286
IMG_20240807_114047_1.png,455343,2745660,3201003,0.14225010098397284
IMG_20240807_114047_2.png,435293,3041705,3476998,0.12519219165498513
IMG_20240807_114048.png,461628,3006178,3467806,0.13311817327728254
IMG_20240810_112256.png,631962,5080605,5712567,0.11062662372275021
IMG_20240810_112257.png,586783,4743735,5330518,0.11007992093826528
IMG_20240810_112300.png,517400,3213177,3730577,0.13869168227863948
IMG_20240810_112300_1.png,402733,2880710,3283443,0.12265570012940684
IMG_20240810_112303.png,617200,3582615,4199815,0.1469588541400038
IMG_20240810_112303_1.png,579107,2821380,3400487,0.17030119509352631
IMG_20240810_112304.png,518309,2910676,3428985,0.15115522523428945
IMG_20240810_112306.png,600802,3477196,4077998,0.14732768382917305
IMG_20240810_112308_1.png,496566,3016553,3513119,0.14134619407996143
IMG_20240810_112309.png,548527,2903583,3452110,0.15889615336707116
IMG_20240810_112310_1.png,527531,2751465,3278996,0.160881867498466
IMG_20240810_112314.png,631413,3608199,4239612,0.14893178904107263
IMG_20240810_112314_1.png,761934,3647691,4409625,0.1727888425886555
IMG_20240810_112315.png,703222,3251860,3955082,0.17780212900769188
IMG_20240810_112316.png,432021,3021383,3453404,0.1251000462152705
IMG_20240810_112317.png,508887,2839185,3348072,0.15199404313885723
IMG_20240810_112317_1.png,626774,3374552,4001326,0.15664157331844494
IMG_20240810_112318.png,455313,2361396,2816709,0.1616471563090117
IMG_20240810_112319.png,570099,3110375,3680474,0.1548982549530305
IMG_20240810_112319_1.png,757830,3972338,4730168,0.1602120685776911
IMG_20240810_112320.png,733456,3775367,4508823,0.16267127806968693
IMG_20240810_112321.png,699691,3577938,4277629,0.1635698187009673
IMG_20240810_112322.png,772317,4062280,4834597,0.1597479583096585
IMG_20240810_112411.png,152137,982293,1134430,0.13410875946510584
IMG_20240810_112416_1.png,211196,1629403,1840599,0.11474308092093932
IMG_20240810_112417.png,196178,1577737,1773915,0.11059041724096137
IMG_20240810_112418.png,158151,1313836,1471987,0.10744048690647404
IMG_20240810_112421.png,201407,1915296,2116703,0.09515128008038917
IMG_20240810_112421_1.png,286106,2401886,2687992,0.10643856082905008
IMG_20240810_112422.png,277054,2310048,2587102,0.10709048193693174
IMG_20240810_112422_1.png,270382,2308523,2578905,0.10484372243258282
IMG_20240810_112425.png,355728,2673582,3029310,0.11742872139200015
IMG_20240810_112449.png,563517,4375825,4939342,0.11408746347185515
IMG_20240810_112503.png,549646,4529160,5078806,0.10822346827187335
IMG_20240810_115940_1.png,546386,4759583,5305969,0.10297572413257597
IMG_20240810_120106.png,204799,4295774,4500573,0.0455050945735132
IMG_20240810_120107.png,180901,3694259,3875160,0.04668220150909898
IMG_20240810_120112_2.png,249003,2488292,2737295,0.0909668121265702
IMG_20240813_115950_1.png,209206,4168257,4377463,0.047791608975335714
IMG_20240813_120001.png,254684,4100214,4354898,0.05848219636831908
IMG_20240813_120006_1.png,299566,4366226,4665792,0.06420474808992771
IMG_20240813_120045.png,784853,2838892,3623745,0.21658615603470996
IMG_20240813_120045_1.png,971526,3504608,4476134,0.21704578102442867
IMG_20240813_120046.png,771637,2971589,3743226,0.20614224201263828
IMG_20240813_120046_1.png,1080063,3695853,4775916,0.22614782169535644
IMG_20240813_120118.png,649499,4052951,4702450,0.13811927824857256
IMG_20240813_120204.png,760872,5181722,5942594,0.1280370154851568
IMG_20240813_120253.png,366505,3734689,4101194,0.08936543845524011
IMG_20240813_120258_1.png,1057175,6667512,7724687,0.13685667781749603
IMG_20240813_120324_1.png,273686,1947931,2221617,0.12319225140967142
IMG_20240813_120325_2.png,246552,1649100,1895652,0.13006184679466484
IMG_20240813_120329.png,224719,1669196,1893915,0.11865316025270406
IMG_20240813_120818.png,704030,3363329,4067359,0.17309266283109015
IMG_20240813_120950.png,781981,5168265,5950246,0.13141994465438908
IMG_20240813_121001_1.png,196683,3477469,3674152,0.05353153598435775
IMG_20240813_121002.png,203926,3470592,3674518,0.055497346862908276
IMG_20240813_121010.png,231300,3940714,4172014,0.05544084943147362
IMG_20240813_121011.png,47280,4021504,4068784,0.01162017939512149
IMG_20240813_121056.png,794635,4472497,5267132,0.15086673354683347
IMG_20240813_121056_1.png,757834,4455422,5213256,0.14536673434030478
IMG_20240813_121110_1.png,631099,3799997,4431096,0.14242503434816126
IMG_20240813_121112.png,0,4732530,4732530,0.0
IMG_20240813_121118.png,1005635,4385134,5390769,0.18654759645609004
IMG_20240816_114429.png,203267,3806233,4009500,0.05069634617782766
IMG_20240816_114623.png,847913,3275826,4123739,0.20561752332046232
IMG_20240816_114624.png,845254,3078652,3923906,0.21541137835615837
IMG_20240816_114627.png,1183684,3314394,4498078,0.2631532845806587
IMG_20240816_114743.png,691826,4854217,5546043,0.12474227120128711
IMG_20240816_114744.png,693841,4736761,5430602,0.12776502494566902
IMG_20240816_114745.png,680688,4561534,5242222,0.12984722890407924
IMG_20240816_114753.png,508926,4882175,5391101,0.09440112511340448
IMG_20240816_114754.png,494683,4729793,5224476,0.09468566799809205
IMG_20240816_114755.png,570916,4958153,5529069,0.10325716680330811
IMG_20240816_114756.png,547497,5089462,5636959,0.09712630515850834
IMG_20240816_114758.png,543983,5191966,5735949,0.09483748896651627
IMG_20240816_114759.png,488313,5269296,5757609,0.08481176821836982
IMG_20240816_114800.png,532636,5615468,6148104,0.0866341883611598
IMG_20240816_114804.png,566647,4986533,5553180,0.10204009234348607
IMG_20240816_114805.png,537679,4974196,5511875,0.09754920058963601
IMG_20240816_114806.png,508430,4872219,5380649,0.09449231867754243
IMG_20240816_114807.png,524162,5147814,5671976,0.0924125913085669
IMG_20240816_114841.png,157551,3334252,3491803,0.04512024303776588
IMG_20240816_114842.png,161764,3292123,3453887,0.04683534811648441
IMG_20240816_114843.png,162333,3268023,3430356,0.04732249364205931
IMG_20240816_114843_1.png,154378,3248831,3403209,0.04536247994172559
IMG_20240816_114857.png,249574,2643942,2893516,0.08625284947448018
IMG_20240816_114858.png,281269,2604865,2886134,0.09745528100912848
IMG_20240816_114858_1.png,269403,2629228,2898631,0.09294146098623798
IMG_20240816_114859.png,277060,2600872,2877932,0.096270516468075
IMG_20240816_114902.png,315801,2873549,3189350,0.09901735463338925
IMG_20240816_114903.png,337948,3076683,3414631,0.098970576908603
IMG_20240816_114905.png,290411,3639300,3929711,0.0739013632300187
IMG_20240816_114905_1.png,351183,3515874,3867057,0.09081402213621366
IMG_20240816_114907.png,387245,3424882,3812127,0.10158239743849037
IMG_20240816_114908.png,351044,3082551,3433595,0.10223803331493668
IMG_20240816_114909.png,302689,3123384,3426073,0.08834867208025048
IMG_20240816_114910.png,312907,3508233,3821140,0.08188838932883903
IMG_20240816_114911.png,325966,3457691,3783657,0.08615104381818965
IMG_20240816_114912.png,334661,3380419,3715080,0.09008177482046147
IMG_20240816_114913.png,375839,3234919,3610758,0.1040886705783107
IMG_20240816_114914.png,326709,3446106,3772815,0.08659555265763097
IMG_20240816_114915.png,276198,3393406,3669604,0.07526643201827772
IMG_20240816_114918.png,309206,3524961,3834167,0.08064489627081971
IMG_20240816_114919.png,334709,3418673,3753382,0.08917530909457125
IMG_20240816_114920.png,349189,3292356,3641545,0.0958903432471657
IMG_20240816_114920_1.png,328300,3231877,3560177,0.09221451630073449
IMG_20240816_114953.png,890874,4867636,5758510,0.15470564434202597
IMG_20240816_114954.png,806634,4472648,5279282,0.15279236835615145
IMG_20240816_114954_1.png,750314,4074229,4824543,0.15552022232986626
IMG_20240816_114955.png,707621,3946774,4654395,0.15203286356228898
IMG_20240816_115007.png,758235,4153079,4911314,0.15438536407975545
IMG_20240816_115007_1.png,814368,3929319,4743687,0.17167405859619322
IMG_20240816_115008.png,977062,3795982,4773044,0.20470416782246298
IMG_20240816_115008_1.png,1008153,3685394,4693547,0.21479554801517914
IMG_20240816_115010.png,985258,4095575,5080833,0.19391662745065621
IMG_20240816_115026.png,680572,4339721,5020293,0.13556419914136486
IMG_20240816_115026_1.png,708931,4442052,5150983,0.13763023485031886
IMG_20240816_115027.png,818456,3863400,4681856,0.17481443256691365
IMG_20240819_112616.png,1413016,3010967,4423983,0.3193990573652747
IMG_20240819_112617.png,1316541,2932738,4249279,0.3098269141659091
IMG_20240819_112618.png,1325231,2838480,4163711,0.3182812159633558
IMG_20240819_112618_1.png,1272409,2836889,4109298,0.30964145214097394
IMG_20240819_112630.png,1276421,2731288,4007709,0.31849143737731456
IMG_20240819_112631.png,1246215,2549094,3795309,0.3283566634495373
IMG_20240819_112632.png,1185360,2582717,3768077,0.31457955875105525
IMG_20240819_112632_1.png,1358774,2372236,3731010,0.3641839609113886
IMG_20240819_112639.png,1509108,3126323,4635431,0.32555937085461956
IMG_20240819_112641.png,1493384,3265706,4759090,0.31379612488942216
IMG_20240819_112642.png,1422128,3161217,4583345,0.31028168291935254
IMG_20240819_112646.png,1802269,2732157,4534426,0.39746353783257243
IMG_20240819_112647.png,1983678,2615166,4598844,0.4313427461335936
IMG_20240819_112648.png,2033751,2489490,4523241,0.4496225162444362
IMG_20240819_112703.png,1536243,2138668,3674911,0.41803542997367826
IMG_20240819_112705.png,1571142,2299678,3870820,0.40589384161495495
IMG_20240819_112707.png,1580328,2355781,3936109,0.4014949789246182
IMG_20240819_112813.png,410571,5549067,5959638,0.06889193605383415
IMG_20240819_112814.png,408175,5659165,6067340,0.06727412671780385
IMG_20240819_112815.png,434159,5520023,5954182,0.07291664917196014
IMG_20240819_112823.png,462288,4582548,5044836,0.09163588271254011
IMG_20240819_112824.png,444707,4648579,5093286,0.08731239518063584
IMG_20240819_112825.png,437353,4708676,5146029,0.08498844448797316
IMG_20240819_112829.png,495830,5563138,6058968,0.0818340681119293
IMG_20240819_112838.png,509535,5036295,5545830,0.0918771401214967
IMG_20240819_112839.png,520286,4990496,5510782,0.09441237196463224
IMG_20240819_112840.png,443685,5183411,5627096,0.07884795283393069
IMG_20240819_112854.png,412549,4655149,5067698,0.08140757401092172
IMG_20240819_112949.png,1580637,2109073,3689710,0.42839057812131576
IMG_20240819_112950.png,1628428,2091395,3719823,0.43777029175850574
IMG_20240819_112950_1.png,1526814,2051665,3578479,0.4266656308448366
IMG_20240819_113014.png,1106744,2596312,3703056,0.29887314693593614
IMG_20240819_113014_1.png,1100446,2554946,3655392,0.3010473295340144
IMG_20240819_113015.png,990122,2644842,3634964,0.27238839229219325
IMG_20240819_113033.png,1079926,2524651,3604577,0.29959853819185994
IMG_20240819_113034.png,731003,2756792,3487795,0.2095888663181179
IMG_20240819_113036.png,1232689,2553754,3786443,0.3255532963258657
IMG_20240819_113038.png,721773,2807579,3529352,0.20450581296509954
IMG_20240819_113115.png,1089626,4803737,5893363,0.18489035886640615
IMG_20240819_113116.png,1086434,4772205,5858639,0.1854413627465355
IMG_20240819_113117.png,879653,4844668,5724321,0.15366940463331807
IMG_20240819_113117_1.png,870274,4936845,5807119,0.14986329710136817
IMG_20240819_113149.png,1213064,4607709,5820773,0.20840256096569992
IMG_20240819_113150.png,649885,4997424,5647309,0.11507870385700517
IMG_20240819_113151.png,941361,4743660,5685021,0.16558619572381528
IMG_20240822_122343.png,819952,2427882,3247834,0.2524611787425096
IMG_20240822_122344.png,673668,2486050,3159718,0.2132051024806644
IMG_20240822_122344_1.png,716097,2602007,3318104,0.21581511610244886
IMG_20240822_122345.png,703615,2534733,3238348,0.21727590734535016
IMG_20240822_122351.png,1587573,2880299,4467872,0.3553309047349611
IMG_20240822_122351_1.png,1192983,3307449,4500432,0.26508188547232797
IMG_20240822_122352.png,1225400,3238691,4464091,0.27450157266059316
IMG_20240822_122352_1.png,1209869,3222945,4432814,0.2729347543118209
IMG_20240822_122439.png,587418,4991649,5579067,0.10528964789273905
IMG_20240822_122439_1.png,580684,4950521,5531205,0.10498327218029345
IMG_20240822_122440.png,575569,4909325,5484894,0.10493712367094059
IMG_20240822_122449.png,491141,4878686,5369827,0.09146309555224032
IMG_20240822_122452.png,463496,4918031,5381527,0.08612722745793155
IMG_20240822_122453.png,474424,4731168,5205592,0.09113737688239877
IMG_9974.png,30598,6291768,6322366,0.004839643892808484
IMG_E6520.png,36809,3962437,3999246,0.009203984951163294
IMG_E6530.png,40592,2828370,2868962,0.014148671191880548
IMG_E8318.png,185154,2719341,2904495,0.0637473984289868
IMG_E8319.png,172365,2670449,2842814,0.060631824663871785
IMG_E8336.png,166872,4549236,4716108,0.035383413611393126
IMG_E8383.png,49767,6167841,6217608,0.008004203545800894
IMG_E8405.png,14623,4823959,4838582,0.00302216641156438
IMG_E8427.png,40559,4732812,4773371,0.008496930156905886
IMG_E8444.png,12973,5511607,5524580,0.002348232806837805
ming1.png,123149,7211906,7335055,0.01678910383085062
ming10.png,789781,4304597,5094378,0.15502991729314158
ming12.png,141515,4312701,4454216,0.03177102322833019
ming13.png,216631,5254109,5470740,0.039598116525369514
ming14.png,2536231,2356976,4893207,0.5183167194847877
ming15.png,1746479,2944680,4691159,0.3722915808225643
ming16.png,565262,5006964,5572226,0.10144276273072915
ming17.png,289403,3418844,3708247,0.07804307533991128
ming18.png,400111,4831613,5231724,0.07647784936667149
ming2.png,704087,6732222,7436309,0.09468232156571224
ming20.png,378009,6025245,6403254,0.05903389120593998
ming21.png,1178100,4331005,5509105,0.21384598768765525
ming22.png,1311138,3565206,4876344,0.2688772572238546
ming23.png,737699,3859366,4597065,0.16047173577054055
ming24.png,740467,4134477,4874944,0.1518924114820601
ming25.png,784566,3729129,4513695,0.17381901081043358
ming26.png,969106,5249341,6218447,0.15584373397409354
ming27.png,979136,5087056,6066192,0.16140867285440355
ming29.png,617208,7181317,7798525,0.07914419713984375
ming30.png,417702,6189129,6606831,0.06322274627578638
ming31.png,547627,4193938,4741565,0.11549498952350121
ming32.png,557462,4800281,5357743,0.1040479171919967
ming33.png,460431,6247319,6707750,0.06864164585740375
ming35.png,452098,5345679,5797777,0.0779778180499181
ming36.png,465387,5703484,6168871,0.07544119499337885
ming37.png,366034,5036543,5402577,0.06775174143746586
ming38.png,107747,3341222,3448969,0.031240350377170684
ming39.png,69359,2899514,2968873,0.023362063651762806
ming40.png,124050,5146297,5270347,0.023537349628022595
ming42.png,68598,5566002,5634600,0.012174422319241828
ming43.png,120776,5728195,5848971,0.020649102209602338
ming44.png,149199,6850604,6999803,0.021314742714902118
ming45.png,1115312,5164791,6280103,0.17759453945261724
ming46.png,276771,8278398,8555169,0.032351318834262656
ming48.png,1267839,4124674,5392513,0.2351109770157253
ming5.png,180028,2332245,2512273,0.07165940962626276
ming50.png,1052629,6574865,7627494,0.13800456611306414
ming51.png,818142,5876824,6694966,0.12220256234310974
ming52.png,678439,5906879,6585318,0.10302296715207983
ming53.png,1105079,5120689,6225768,0.1775008320258641
ming54.png,235438,6733740,6969178,0.03378275027557052
ming56.png,611562,6555051,7166613,0.08533487157741042
ming57.png,270292,4309303,4579595,0.05902093962457379
ming59.png,3991413,2052799,6044212,0.6603694575901705
ming6.png,358135,4581057,4939192,0.07250882330551232
ming60.png,1885422,4970598,6856020,0.275002406644088
ming61.png,290049,8545289,8835338,0.032828285686410635
ming62.png,0,5389513,5389513,0.0
ming63.png,992818,4338076,5330894,0.18623855585948623
ming66.png,461038,6429615,6890653,0.06690773719123572
ming67.png,1868739,3981170,5849909,0.31944753328641523
ming68.png,494346,3322690,3817036,0.12951043689396693
ming69.png,1284031,2865954,4149985,0.30940617857654906
ming7.png,208345,2900155,3108500,0.06702428824191732
ming70.png,609009,7001837,7610846,0.08001856823801191
ming71.png,599816,2537966,3137782,0.1911592328593892
ming74.png,1017815,3699473,4717288,0.21576274333896933
ming75.png,1199850,6703590,7903440,0.15181364064255565
ming76.png,411928,4047270,4459198,0.0923771494335977
ming77.png,54434,5663194,5717628,0.00952038152884378
ming78.png,299259,5900203,6199462,0.048271769389021175
ming8.png,158953,4898202,5057155,0.031431308710134456
ming9.png,727596,3429622,4157218,0.17501992919303247
